{"cameraMode":{"drawMode":0,"name":"Shaded","section":"Shading Mode"},"sceneLighting":true,"audioPlay":false,"sceneViewState":{"showFog":false,"showMaterialUpdate":false,"showSkybox":false,"showFlares":false,"showImageEffects":false,"showParticleSystems":false},"in2DMode":false,"pivot":{"x":360.7890930175781,"y":82.30738067626953,"z":-113.14948272705078},"rotation":{"x":-0.38869601488113406,"y":0.023624401539564134,"z":-0.010218008421361447,"w":-0.9211425185203552},"size":127.70413208007813,"orthographic":false}