{"cameraMode":{"drawMode":0,"name":"Shaded","section":"Shading Mode"},"sceneLighting":true,"audioPlay":false,"sceneViewState":{"showFog":false,"showMaterialUpdate":false,"showSkybox":false,"showFlares":false,"showImageEffects":false,"showParticleSystems":false},"in2DMode":false,"pivot":{"x":4.619646072387695,"y":-0.5386924743652344,"z":-1.9938018321990967},"rotation":{"x":-0.31300413608551028,"y":-0.39036616683006289,"z":0.14307084679603578,"w":-0.8540036082267761},"size":14.143263816833496,"orthographic":false}