{"cameraMode":{"drawMode":0,"name":"Shaded","section":"Shading Mode"},"sceneLighting":true,"audioPlay":false,"sceneViewState":{"showFog":false,"showMaterialUpdate":false,"showSkybox":false,"showFlares":false,"showImageEffects":false,"showParticleSystems":false},"in2DMode":false,"pivot":{"x":-0.24292373657226563,"y":6.372693061828613,"z":-5.6993184089660648},"rotation":{"x":-0.2823382616043091,"y":-0.06160780042409897,"z":0.01808548904955387,"w":-0.9572533965110779},"size":10.27688980102539,"orthographic":false}