{"cameraMode":{"drawMode":0,"name":"Shaded","section":"Shading Mode"},"sceneLighting":true,"audioPlay":false,"sceneViewState":{"showFog":false,"showMaterialUpdate":false,"showSkybox":false,"showFlares":false,"showImageEffects":false,"showParticleSystems":false},"in2DMode":false,"pivot":{"x":398.0063171386719,"y":-81.7744369506836,"z":77.63944244384766},"rotation":{"x":-0.27192264795303347,"y":-0.07908620685338974,"z":0.022300099954009057,"w":-0.958918035030365},"size":215.718017578125,"orthographic":false}