{"cameraMode":{"drawMode":0,"name":"Shaded","section":"Shading Mode"},"sceneLighting":true,"audioPlay":false,"sceneViewState":{"showFog":false,"showMaterialUpdate":false,"showSkybox":false,"showFlares":false,"showImageEffects":false,"showParticleSystems":false},"in2DMode":false,"pivot":{"x":-64.16192626953125,"y":-188.95265197753907,"z":228.484130859375},"rotation":{"x":0.33993417024612429,"y":0.004935328848659992,"z":-0.0015659482451155782,"w":0.940557599067688},"size":417.9942626953125,"orthographic":false}