{"cameraMode":{"drawMode":0,"name":"Shaded","section":"Shading Mode"},"sceneLighting":true,"audioPlay":false,"sceneViewState":{"showFog":false,"showMaterialUpdate":false,"showSkybox":false,"showFlares":false,"showImageEffects":false,"showParticleSystems":false},"in2DMode":false,"pivot":{"x":341.2023620605469,"y":-279.95440673828127,"z":201.68333435058595},"rotation":{"x":-0.3925617039203644,"y":0.04151812195777893,"z":-0.017938924953341485,"w":-0.9187443852424622},"size":308.6439514160156,"orthographic":false}