{"cameraMode":{"drawMode":0,"name":"Shaded","section":"Shading Mode"},"sceneLighting":true,"audioPlay":false,"sceneViewState":{"showFog":false,"showMaterialUpdate":false,"showSkybox":false,"showFlares":false,"showImageEffects":false,"showParticleSystems":false},"in2DMode":false,"pivot":{"x":-2.448657512664795,"y":1.2319294214248658,"z":-0.8091950416564941},"rotation":{"x":-0.20725880563259126,"y":-0.023257814347743989,"z":0.004838523920625448,"w":-0.9781002402305603},"size":4.203531742095947,"orthographic":false}