{"cameraMode":{"drawMode":0,"name":"Shaded","section":"Shading Mode"},"sceneLighting":true,"audioPlay":false,"sceneViewState":{"showFog":false,"showMaterialUpdate":false,"showSkybox":false,"showFlares":false,"showImageEffects":false,"showParticleSystems":false},"in2DMode":false,"pivot":{"x":378.06121826171877,"y":-71.9290771484375,"z":13.316054344177246},"rotation":{"x":-0.2670414447784424,"y":-0.01136164739727974,"z":0.003017331473529339,"w":-0.963729739189148},"size":84.02181243896485,"orthographic":false}