{"cameraMode":{"drawMode":0,"name":"Shaded","section":"Shading Mode"},"sceneLighting":true,"audioPlay":false,"sceneViewState":{"showFog":false,"showMaterialUpdate":false,"showSkybox":false,"showFlares":false,"showImageEffects":false,"showParticleSystems":false},"in2DMode":false,"pivot":{"x":-0.072021484375,"y":1.717041015625,"z":-2.466796875},"rotation":{"x":-0.32571178674697878,"y":-0.09038125723600388,"z":0.031211238354444505,"w":-0.9407273530960083},"size":3.9599251747131349,"orthographic":false}