{"cameraMode":{"drawMode":0,"name":"Shaded","section":"Shading Mode"},"sceneLighting":true,"audioPlay":false,"sceneViewState":{"showFog":false,"showMaterialUpdate":false,"showSkybox":false,"showFlares":false,"showImageEffects":false,"showParticleSystems":false},"in2DMode":false,"pivot":{"x":243.56259155273438,"y":251.78338623046876,"z":613.5484008789063},"rotation":{"x":-0.036295101046562198,"y":0.01971954107284546,"z":-0.0008827756391838193,"w":-0.9992669224739075},"size":701.534912109375,"orthographic":false}