{"cameraMode":{"drawMode":0,"name":"Shaded","section":"Shading Mode"},"sceneLighting":true,"audioPlay":false,"sceneViewState":{"showFog":false,"showMaterialUpdate":false,"showSkybox":false,"showFlares":false,"showImageEffects":false,"showParticleSystems":false},"in2DMode":false,"pivot":{"x":-1.100632667541504,"y":4.5144805908203129,"z":-2.514294147491455},"rotation":{"x":-0.2520671486854553,"y":-0.2725134491920471,"z":0.07404042035341263,"w":-0.9257000088691711},"size":5.065079212188721,"orthographic":false}