{"cameraMode":{"drawMode":0,"name":"Shaded","section":"Shading Mode"},"sceneLighting":true,"audioPlay":false,"sceneViewState":{"showFog":false,"showMaterialUpdate":false,"showSkybox":false,"showFlares":false,"showImageEffects":false,"showParticleSystems":false},"in2DMode":false,"pivot":{"x":436.112548828125,"y":5.630523681640625,"z":83.64030456542969},"rotation":{"x":-0.1803027242422104,"y":0.07389596104621887,"z":-0.013815145008265973,"w":-0.9808599948883057},"size":123.8617935180664,"orthographic":false}