{"cameraMode":{"drawMode":0,"name":"Shaded","section":"Shading Mode"},"sceneLighting":true,"audioPlay":false,"sceneViewState":{"showFog":true,"showMaterialUpdate":false,"showSkybox":true,"showFlares":true,"showImageEffects":true,"showParticleSystems":true},"in2DMode":false,"pivot":{"x":392.9629821777344,"y":-6.32036018371582,"z":-90.36866760253906},"rotation":{"x":-0.3228231966495514,"y":-0.09153053909540177,"z":0.031361278146505359,"w":-0.9415220022201538},"size":14.739208221435547,"orthographic":false}