{"cameraMode":{"drawMode":0,"name":"Shaded","section":"Shading Mode"},"sceneLighting":true,"audioPlay":false,"sceneViewState":{"showFog":false,"showMaterialUpdate":false,"showSkybox":false,"showFlares":false,"showImageEffects":false,"showParticleSystems":false,"showVisualEffectGraphs":true,"m_FxEnabled":true},"in2DMode":false,"pivot":{"x":-0.5513461828231812,"y":-2.6385860443115236,"z":-0.5980367660522461},"rotation":{"x":-0.6145219206809998,"y":-0.0075653912499547009,"z":0.005891118198633194,"w":-0.7888489365577698},"size":5.201700687408447,"orthographic":false}